"id","code","name","parent_id:id"
"amap_poi_010000","010000","Automobile Service Related",""
"amap_poi_010100","010100","Filling Station","amap_poi_010000"
"amap_poi_010101","010101","Sinopec","amap_poi_010100"
"amap_poi_010102","010102","PetroChina","amap_poi_010100"
"amap_poi_010103","010103","Shell","amap_poi_010100"
"amap_poi_010104","010104","Mobil","amap_poi_010100"
"amap_poi_010105","010105","Caltex","amap_poi_010100"
"amap_poi_010107","010107","FEOSO","amap_poi_010100"
"amap_poi_010108","010108","BP PetroChina","amap_poi_010100"
"amap_poi_010109","010109","BP Sinopec","amap_poi_010100"
"amap_poi_010110","010110","TOTAL","amap_poi_010100"
"amap_poi_010111","010111","ESSO","amap_poi_010100"
"amap_poi_010112","010112","TOTAL-SINOCHEM","amap_poi_010100"
"amap_poi_010200","010200","Other Energy Station","amap_poi_010000"
"amap_poi_010300","010300","Filling Station","amap_poi_010000"
"amap_poi_010400","010400","Automobile Maintenance","amap_poi_010000"
"amap_poi_010401","010401","Add Water Station","amap_poi_010400"
"amap_poi_010500","010500","Car Wash","amap_poi_010000"
"amap_poi_010600","010600","Automobile Club","amap_poi_010000"
"amap_poi_010700","010700","Automobile Rescue","amap_poi_010000"
"amap_poi_010800","010800","Automobile Parts Sales","amap_poi_010000"
"amap_poi_010900","010900","Automobile Rental","amap_poi_010000"
"amap_poi_010901","010901","Rent-a-Car Return","amap_poi_010900"
"amap_poi_011000","011000","Used Automobile Dealer","amap_poi_010000"
"amap_poi_011100","011100","Charging Station","amap_poi_010000"
"amap_poi_020000","020000","Automobile Sales",""
"amap_poi_020100","020100","Volkswagen Sales","amap_poi_020000"
"amap_poi_020101","020101","Shanghai Volkswagen Sales","amap_poi_020100"
"amap_poi_020102","020102","FAW-Volkswagen Sales","amap_poi_020100"
"amap_poi_020103","020103","Skoda Sales","amap_poi_020100"
"amap_poi_020104","020104","Import Volkswagen Sales","amap_poi_020100"
"amap_poi_020105","020105","Bentley Sales","amap_poi_020100"
"amap_poi_020106","020106","Lamborghini Sales","amap_poi_020100"
"amap_poi_020200","020200","Honda Sales","amap_poi_020000"
"amap_poi_020201","020201","GAC Honda Sales","amap_poi_020200"
"amap_poi_020202","020202","Dongfeng Honda Sales","amap_poi_020200"
"amap_poi_020203","020203","Acura Sales","amap_poi_020200"
"amap_poi_020300","020300","Audi Sales","amap_poi_020000"
"amap_poi_020301","020301","FAW-Audi Sales","amap_poi_020300"
"amap_poi_020400","020400","General Motors Sales","amap_poi_020000"
"amap_poi_020401","020401","Cadillac Sales","amap_poi_020400"
"amap_poi_020402","020402","Buick Sales","amap_poi_020400"
"amap_poi_020403","020403","Chevrolet Sales","amap_poi_020400"
"amap_poi_020404","020404","Opel Sales","amap_poi_020400"
"amap_poi_020405","020405","Saab Sales","amap_poi_020400"
"amap_poi_020406","020406","Vauxhall Sales","amap_poi_020400"
"amap_poi_020407","020407","Saturn Sales","amap_poi_020400"
"amap_poi_020408","020408","Daewoo Sales","amap_poi_020400"
"amap_poi_020600","020600","BMW Sales","amap_poi_020000"
"amap_poi_020601","020601","BMW MINI Sales","amap_poi_020600"
"amap_poi_020602","020602","Rolls-Royce Sales","amap_poi_020600"
"amap_poi_020700","020700","Nissan Sales","amap_poi_020000"
"amap_poi_020701","020701","Dongfeng Nissan Sales","amap_poi_020700"
"amap_poi_020702","020702","Zhengzhou Nissan Sales","amap_poi_020700"
"amap_poi_020703","020703","Infiniti Sales","amap_poi_020700"
"amap_poi_020800","020800","Renault Sales","amap_poi_020000"
"amap_poi_020900","020900","Mercedes-Benz Sales","amap_poi_020000"
"amap_poi_020904","020904","Maybach Sales","amap_poi_020900"
"amap_poi_020905","020905","Smart Sales","amap_poi_020900"
"amap_poi_021000","021000","Toyota Sales","amap_poi_020000"
"amap_poi_021001","021001","FAW-Toyota Sales","amap_poi_021000"
"amap_poi_021002","021002","GAC Toyota Sales","amap_poi_021000"
"amap_poi_021003","021003","Lexus Sales","amap_poi_021000"
"amap_poi_021004","021004","Daihatsu Sales","amap_poi_021000"
"amap_poi_021100","021100","Subaru Sales","amap_poi_020000"
"amap_poi_021200","021200","Citroen Sales","amap_poi_020000"
"amap_poi_021201","021201","Dongfeng Citroen Sales","amap_poi_021200"
"amap_poi_021202","021202","Dongfeng Peugeot Sales","amap_poi_021200"
"amap_poi_021203","021203","DS Sales","amap_poi_021200"
"amap_poi_021300","021300","Mitsubishi Sales","amap_poi_020000"
"amap_poi_021301","021301","GAC Mitsubishi Sales","amap_poi_021300"
"amap_poi_021400","021400","Fiat Sales","amap_poi_020000"
"amap_poi_021401","021401","Alfa Romeo Sales","amap_poi_021400"
"amap_poi_021500","021500","Ferrari Sales","amap_poi_020000"
"amap_poi_021501","021501","Maserati Sales","amap_poi_021500"
"amap_poi_021600","021600","Hyundai Sales","amap_poi_020000"
"amap_poi_021601","021601","Import Hyundai Sales","amap_poi_021600"
"amap_poi_021602","021602","Beijing Hyundai Sales","amap_poi_021600"
"amap_poi_021700","021700","KIA Sales","amap_poi_020000"
"amap_poi_021701","021701","Import KIA Sales","amap_poi_021700"
"amap_poi_021702","021702","Dongfeng Yueda KIA Sales","amap_poi_021700"
"amap_poi_021800","021800","Ford Sales","amap_poi_020000"
"amap_poi_021802","021802","Mazda Sales","amap_poi_021800"
"amap_poi_021803","021803","Lincoln Sales","amap_poi_021800"
"amap_poi_021804","021804","Mercury Sales","amap_poi_021800"
"amap_poi_021900","021900","JAGUAR Sales","amap_poi_020000"
"amap_poi_022000","022000","Land Rover Sales","amap_poi_020000"
"amap_poi_022100","022100","Porsche Sales","amap_poi_020000"
"amap_poi_022200","022200","DFM Sales","amap_poi_020000"
"amap_poi_022300","022300","Geely Sales","amap_poi_020000"
"amap_poi_022301","022301","Volvo Cars Sales","amap_poi_022300"
"amap_poi_022400","022400","Chery Sales","amap_poi_020000"
"amap_poi_022500","022500","Chrysler Sales","amap_poi_020000"
"amap_poi_022501","022501","Jeep Sales","amap_poi_022500"
"amap_poi_022502","022502","Dodge Sales","amap_poi_022500"
"amap_poi_022600","022600","ROEWE Sales","amap_poi_020000"
"amap_poi_022700","022700","MG Sales","amap_poi_020000"
"amap_poi_022800","022800","JAC Sales","amap_poi_020000"
"amap_poi_022900","022900","Hongqi Sales","amap_poi_020000"
"amap_poi_023000","023000","Chang'an Sales","amap_poi_020000"
"amap_poi_023100","023100","Haima Sales","amap_poi_020000"
"amap_poi_023200","023200","BAIC MOTOR Sales","amap_poi_020000"
"amap_poi_023300","023300","Great Wall Sales","amap_poi_020000"
"amap_poi_023301","023301","WEY Sales","amap_poi_023300"
"amap_poi_023400","023400","Luxgen Sales","amap_poi_020000"
"amap_poi_023500","023500","GAC Trumpchi Sales","amap_poi_020000"
"amap_poi_025000","025000","Truck Sales","amap_poi_020000"
"amap_poi_025100","025100","Dongfeng Truck Sales","amap_poi_020000"
"amap_poi_025200","025200","SINOTRUK Sales","amap_poi_020000"
"amap_poi_025300","025300","FAW Jiefang Sales","amap_poi_020000"
"amap_poi_025400","025400","Foton Truck Sales","amap_poi_020000"
"amap_poi_025500","025500","Shaanxi Heavy-duty Truck Sales","amap_poi_020000"
"amap_poi_025600","025600","Beiben Trucks Sales","amap_poi_020000"
"amap_poi_025700","025700","JAC Truck Sales","amap_poi_020000"
"amap_poi_025800","025800","CAMC Sales","amap_poi_020000"
"amap_poi_025900","025900","Chengdu Dayun Automotive Sales","amap_poi_020000"
"amap_poi_026000","026000","Mercedes-Benz Truck Sales","amap_poi_020000"
"amap_poi_026100","026100","MAN Sales","amap_poi_020000"
"amap_poi_026200","026200","SCANIA Sales","amap_poi_020000"
"amap_poi_026300","026300","Volvo Truck Sales","amap_poi_020000"
"amap_poi_029900","029900","Qoros Sales","amap_poi_020000"
"amap_poi_030000","030000","Automobile Repair",""
"amap_poi_030100","030100","Automobile Comprehensive Repair","amap_poi_030000"
"amap_poi_030200","030200","Volkswagen Repair","amap_poi_030000"
"amap_poi_030201","030201","Shanghai Volkswagen Repair","amap_poi_030200"
"amap_poi_030202","030202","FAW-Volkswagen Repair","amap_poi_030200"
"amap_poi_030203","030203","Skoda Repair","amap_poi_030200"
"amap_poi_030204","030204","Import Volkswagen Repair","amap_poi_030200"
"amap_poi_030205","030205","Bentley Repair","amap_poi_030200"
"amap_poi_030206","030206","Lamborghini Repair","amap_poi_030200"
"amap_poi_030300","030300","Honda Repair","amap_poi_030000"
"amap_poi_030301","030301","GAC Honda Repair","amap_poi_030300"
"amap_poi_030302","030302","Dongfeng Honda Repair","amap_poi_030300"
"amap_poi_030303","030303","Acura Repair","amap_poi_030300"
"amap_poi_030400","030400","Audi Repair","amap_poi_030000"
"amap_poi_030401","030401","FAW-Audi Repair","amap_poi_030400"
"amap_poi_030500","030500","General Motors Repair","amap_poi_030000"
"amap_poi_030501","030501","Cadillac Repair","amap_poi_030500"
"amap_poi_030502","030502","Buick Repair","amap_poi_030500"
"amap_poi_030503","030503","Chevrolet Repair","amap_poi_030500"
"amap_poi_030504","030504","Opel Repair","amap_poi_030500"
"amap_poi_030505","030505","Saab Repair","amap_poi_030500"
"amap_poi_030506","030506","Vauxhall Repair","amap_poi_030500"
"amap_poi_030507","030507","Saturn Repair","amap_poi_030500"
"amap_poi_030508","030508","Daewoo Repair","amap_poi_030500"
"amap_poi_030700","030700","BMW Repair","amap_poi_030000"
"amap_poi_030701","030701","BMW MINI Repair","amap_poi_030700"
"amap_poi_030702","030702","Rolls-Royce Repair","amap_poi_030700"
"amap_poi_030800","030800","Nissan Repair","amap_poi_030000"
"amap_poi_030801","030801","Infiniti Repair","amap_poi_030800"
"amap_poi_030802","030802","Dongfeng Nissan Repair","amap_poi_030800"
"amap_poi_030803","030803","Zhengzhou Nissan Repair","amap_poi_030800"
"amap_poi_030900","030900","Renault Repair","amap_poi_030000"
"amap_poi_031000","031000","Mercedes-Benz Repair","amap_poi_030000"
"amap_poi_031004","031004","Maybach Repair","amap_poi_031000"
"amap_poi_031005","031005","Smart Repair","amap_poi_031000"
"amap_poi_031100","031100","Toyota Repair","amap_poi_030000"
"amap_poi_031101","031101","FAW-Toyota Repair","amap_poi_031100"
"amap_poi_031102","031102","GAC Toyota Repair","amap_poi_031100"
"amap_poi_031103","031103","Lexus Repair","amap_poi_031100"
"amap_poi_031104","031104","Daihatsu Repair","amap_poi_031100"
"amap_poi_031200","031200","Subaru Repair","amap_poi_030000"
"amap_poi_031300","031300","Citroen Repair","amap_poi_030000"
"amap_poi_031301","031301","Dongfeng Peugeot Repair","amap_poi_031300"
"amap_poi_031302","031302","Dongfeng Citroen Repair","amap_poi_031300"
"amap_poi_031303","031303","DS Repair","amap_poi_031300"
"amap_poi_031400","031400","Mitsubishi Repair","amap_poi_030000"
"amap_poi_031401","031401","GAC Mitsubishi Repair","amap_poi_031400"
"amap_poi_031500","031500","Fiat Repair","amap_poi_030000"
"amap_poi_031501","031501","Alfa Romeo Repair","amap_poi_031500"
"amap_poi_031600","031600","Ferrari Repair","amap_poi_030000"
"amap_poi_031601","031601","Maserati Repair","amap_poi_031600"
"amap_poi_031700","031700","Hyundai Repair","amap_poi_030000"
"amap_poi_031701","031701","Import Hyundai Repair","amap_poi_031700"
"amap_poi_031702","031702","Beijing Hyundai Repair","amap_poi_031700"
"amap_poi_031800","031800","KIA Repair","amap_poi_030000"
"amap_poi_031801","031801","Import KIA Repair","amap_poi_031800"
"amap_poi_031802","031802","Dongfeng Yueda KIA Repair","amap_poi_031800"
"amap_poi_031900","031900","Ford Repair","amap_poi_030000"
"amap_poi_031902","031902","Mazda Repair","amap_poi_031900"
"amap_poi_031903","031903","Lincoln Repair","amap_poi_031900"
"amap_poi_031904","031904","Mercury Repair","amap_poi_031900"
"amap_poi_032000","032000","JAGUAR Repair","amap_poi_030000"
"amap_poi_032100","032100","Land Rover Repair","amap_poi_030000"
"amap_poi_032200","032200","Porsche Repair","amap_poi_030000"
"amap_poi_032300","032300","DFM Repair","amap_poi_030000"
"amap_poi_032400","032400","Geely Repair","amap_poi_030000"
"amap_poi_032401","032401","Volvo Cars Repair","amap_poi_032400"
"amap_poi_032500","032500","Chery Repair","amap_poi_030000"
"amap_poi_032600","032600","Chrysler Repair","amap_poi_030000"
"amap_poi_032601","032601","Jeep Repair","amap_poi_032600"
"amap_poi_032602","032602","Dodge Repair","amap_poi_032600"
"amap_poi_032700","032700","ROEWE Repair","amap_poi_030000"
"amap_poi_032800","032800","MG Repair","amap_poi_030000"
"amap_poi_032900","032900","JAC Repair","amap_poi_030000"
"amap_poi_033000","033000","Hongqi Repair","amap_poi_030000"
"amap_poi_033100","033100","Chang'an Repair","amap_poi_030000"
"amap_poi_033200","033200","Haima Repair","amap_poi_030000"
"amap_poi_033300","033300","BAIC MOTOR Repair","amap_poi_030000"
"amap_poi_033400","033400","Great Wall Repair","amap_poi_030000"
"amap_poi_033401","033401","WEY Repair","amap_poi_033400"
"amap_poi_033500","033500","Luxgen Repair","amap_poi_030000"
"amap_poi_033600","033600","GAC Trumpchi Repair","amap_poi_030000"
"amap_poi_035000","035000","Truck Repair","amap_poi_030000"
"amap_poi_035100","035100","Dongfeng Truck Repair","amap_poi_030000"
"amap_poi_035200","035200","SINOTRUK Repair","amap_poi_030000"
"amap_poi_035300","035300","FAW Jiefang Repair","amap_poi_030000"
"amap_poi_035400","035400","Foton Truck Repair","amap_poi_030000"
"amap_poi_035500","035500","Shaanxi Heavy-duty Truck Repair","amap_poi_030000"
"amap_poi_035600","035600","Beiben Trucks Repair","amap_poi_030000"
"amap_poi_035700","035700","JAC Truck Repair","amap_poi_030000"
"amap_poi_035800","035800","CAMC Repair","amap_poi_030000"
"amap_poi_035900","035900","Chengdu Dayun Automotive Repair","amap_poi_030000"
"amap_poi_036000","036000","Mercedes-Benz Truck Repair","amap_poi_030000"
"amap_poi_036100","036100","MAN Repair","amap_poi_030000"
"amap_poi_036200","036200","SCANIA Repair","amap_poi_030000"
"amap_poi_036300","036300","Volvo Truck Repair","amap_poi_030000"
"amap_poi_039900","039900","Qoros Repair","amap_poi_030000"
"amap_poi_040000","040000","Motorcycle Service Related",""
"amap_poi_040100","040100","Motorcycle Sales","amap_poi_040000"
"amap_poi_040101","040101","BMW Motorcycle Sales","amap_poi_040100"
"amap_poi_040200","040200","Motorcycle Repair","amap_poi_040000"
"amap_poi_040201","040201","BMW Motorcycle Repair","amap_poi_040200"
"amap_poi_050000","050000","Food & Beverages Related",""
"amap_poi_050100","050100","Chinese Food Restaurant","amap_poi_050000"
"amap_poi_050101","050101","Complex Food","amap_poi_050100"
"amap_poi_050102","050102","Sichuan Food","amap_poi_050100"
"amap_poi_050103","050103","Cantonese Food","amap_poi_050100"
"amap_poi_050104","050104","Shandong Food","amap_poi_050100"
"amap_poi_050105","050105","Jiangsu Food","amap_poi_050100"
"amap_poi_050106","050106","Zhejiang Food","amap_poi_050100"
"amap_poi_050107","050107","Shanghai Food","amap_poi_050100"
"amap_poi_050108","050108","Hunan Food","amap_poi_050100"
"amap_poi_050109","050109","Anhui Food","amap_poi_050100"
"amap_poi_050110","050110","Fujian Food","amap_poi_050100"
"amap_poi_050111","050111","Beijing Food","amap_poi_050100"
"amap_poi_050112","050112","Hubei Food","amap_poi_050100"
"amap_poi_050113","050113","Northeastern Chinese Food","amap_poi_050100"
"amap_poi_050114","050114","Yunnan & Guizhou Food","amap_poi_050100"
"amap_poi_050115","050115","Northwestern Chinese Food","amap_poi_050100"
"amap_poi_050116","050116","Traditional Brand","amap_poi_050100"
"amap_poi_050117","050117","Hotpot Restaurant","amap_poi_050100"
"amap_poi_050118","050118","Local Special Food","amap_poi_050100"
"amap_poi_050119","050119","Sea Food","amap_poi_050100"
"amap_poi_050120","050120","Vegetarian Food","amap_poi_050100"
"amap_poi_050121","050121","Islamic Food","amap_poi_050100"
"amap_poi_050122","050122","Taiwan Food","amap_poi_050100"
"amap_poi_050123","050123","Chaozhou Food","amap_poi_050100"
"amap_poi_050200","050200","Foreign Food Restaurant","amap_poi_050000"
"amap_poi_050201","050201","Western Restaurant","amap_poi_050200"
"amap_poi_050202","050202","Japanese Cuisine","amap_poi_050200"
"amap_poi_050203","050203","South Korean Cuisine","amap_poi_050200"
"amap_poi_050204","050204","French Food","amap_poi_050200"
"amap_poi_050205","050205","Italian Food","amap_poi_050200"
"amap_poi_050206","050206","Thai/Vietnamese Food","amap_poi_050200"
"amap_poi_050207","050207","Mediterranean Food","amap_poi_050200"
"amap_poi_050208","050208","American Food","amap_poi_050200"
"amap_poi_050209","050209","Indian Food","amap_poi_050200"
"amap_poi_050210","050210","British Food","amap_poi_050200"
"amap_poi_050211","050211","Steak House","amap_poi_050200"
"amap_poi_050212","050212","Russian Food","amap_poi_050200"
"amap_poi_050213","050213","Portuguese Food","amap_poi_050200"
"amap_poi_050214","050214","German Food","amap_poi_050200"
"amap_poi_050215","050215","Brazilian Food","amap_poi_050200"
"amap_poi_050216","050216","Mexican Food","amap_poi_050200"
"amap_poi_050217","050217","Other Asian Food","amap_poi_050200"
"amap_poi_050300","050300","Fast Food Restaurant","amap_poi_050000"
"amap_poi_050301","050301","KFC","amap_poi_050300"
"amap_poi_050302","050302","McDonald's","amap_poi_050300"
"amap_poi_050303","050303","Pizza Hut","amap_poi_050300"
"amap_poi_050304","050304","Yon ho","amap_poi_050300"
"amap_poi_050305","050305","Teahouse","amap_poi_050300"
"amap_poi_050306","050306","Cafe de Coral","amap_poi_050300"
"amap_poi_050307","050307","Fairwood","amap_poi_050300"
"amap_poi_050308","050308","Maxim's","amap_poi_050300"
"amap_poi_050309","050309","Yoshinoya","amap_poi_050300"
"amap_poi_050310","050310","Saint's Alp Teahouse","amap_poi_050300"
"amap_poi_050311","050311","Xiabu Xiabu","amap_poi_050300"
"amap_poi_050400","050400","Leisure Food Restaurant","amap_poi_050000"
"amap_poi_050500","050500","Coffee House","amap_poi_050000"
"amap_poi_050501","050501","Starbucks Coffee","amap_poi_050500"
"amap_poi_050502","050502","UBC Coffee","amap_poi_050500"
"amap_poi_050503","050503","Pacific Coffee Company","amap_poi_050500"
"amap_poi_050504","050504","Paris Cafe","amap_poi_050500"
"amap_poi_050600","050600","Tea House","amap_poi_050000"
"amap_poi_050700","050700","Icecream Shop","amap_poi_050000"
"amap_poi_050800","050800","Bakery","amap_poi_050000"
"amap_poi_050900","050900","Dessert House","amap_poi_050000"
"amap_poi_060000","060000","Shopping Related Places",""
"amap_poi_060100","060100","Shopping Plaza","amap_poi_060000"
"amap_poi_060101","060101","Shopping Centre","amap_poi_060100"
"amap_poi_060102","060102","Shops","amap_poi_060100"
"amap_poi_060103","060103","Duty-free Shop","amap_poi_060100"
"amap_poi_060200","060200","Convenience Store","amap_poi_060000"
"amap_poi_060201","060201","7-ELEVEn","amap_poi_060200"
"amap_poi_060202","060202","Circle K","amap_poi_060200"
"amap_poi_060300","060300","Home Electronics Hypermarket","amap_poi_060000"
"amap_poi_060301","060301","Comprehensive Home Electronics Shopping Center","amap_poi_060300"
"amap_poi_060302","060302","GOME","amap_poi_060300"
"amap_poi_060303","060303","Dazhong","amap_poi_060300"
"amap_poi_060304","060304","Suning","amap_poi_060300"
"amap_poi_060305","060305","Mobile Handsets Sales","amap_poi_060300"
"amap_poi_060306","060306","Digital Electronics","amap_poi_060300"
"amap_poi_060307","060307","Fortress","amap_poi_060300"
"amap_poi_060308","060308","Suning Citicall","amap_poi_060300"
"amap_poi_060400","060400","Supermarket","amap_poi_060000"
"amap_poi_060401","060401","Carrefour","amap_poi_060400"
"amap_poi_060402","060402","Wal-Mart","amap_poi_060400"
"amap_poi_060403","060403","CRC","amap_poi_060400"
"amap_poi_060404","060404","Beijing Hualian","amap_poi_060400"
"amap_poi_060405","060405","Shanghai Hualian","amap_poi_060400"
"amap_poi_060406","060406","METRO","amap_poi_060400"
"amap_poi_060407","060407","LOTTE Mart","amap_poi_060400"
"amap_poi_060408","060408","Ito Yokado","amap_poi_060400"
"amap_poi_060409","060409","Lotus","amap_poi_060400"
"amap_poi_060411","060411","Watsons","amap_poi_060400"
"amap_poi_060413","060413","Wellcome","amap_poi_060400"
"amap_poi_060414","060414","PARKnSHOP","amap_poi_060400"
"amap_poi_060415","060415","Mannings","amap_poi_060400"
"amap_poi_060500","060500","Plants & Pet Market","amap_poi_060000"
"amap_poi_060501","060501","Flower Shop","amap_poi_060500"
"amap_poi_060502","060502","Pet Market","amap_poi_060500"
"amap_poi_060600","060600","Home Building Materials Market","amap_poi_060000"
"amap_poi_060601","060601","Home Building Materials Market","amap_poi_060600"
"amap_poi_060602","060602","Furniture Store","amap_poi_060600"
"amap_poi_060603","060603","Hardware Store","amap_poi_060600"
"amap_poi_060604","060604","Kitchen Supply","amap_poi_060600"
"amap_poi_060605","060605","Deco Cloth Store","amap_poi_060600"
"amap_poi_060606","060606","Lighting & Porcelain Market","amap_poi_060600"
"amap_poi_060700","060700","Comprehensive Market","amap_poi_060000"
"amap_poi_060701","060701","Small Commodity Market","amap_poi_060700"
"amap_poi_060702","060702","Flea Market","amap_poi_060700"
"amap_poi_060703","060703","Agricultural Products Market","amap_poi_060700"
"amap_poi_060704","060704","Fruits Market","amap_poi_060700"
"amap_poi_060705","060705","Vegetable Market","amap_poi_060700"
"amap_poi_060706","060706","Seafood Market","amap_poi_060700"
"amap_poi_060800","060800","Stationary Store","amap_poi_060000"
"amap_poi_060900","060900","Sports Store","amap_poi_060000"
"amap_poi_060901","060901","Li-Ning","amap_poi_060900"
"amap_poi_060902","060902","NIKE","amap_poi_060900"
"amap_poi_060903","060903","adidas","amap_poi_060900"
"amap_poi_060904","060904","Reebok","amap_poi_060900"
"amap_poi_060905","060905","PUMA","amap_poi_060900"
"amap_poi_060906","060906","Golf Accessories Shop","amap_poi_060900"
"amap_poi_060907","060907","Outdoor Sports Shop","amap_poi_060900"
"amap_poi_061000","061000","Commercial Street","amap_poi_060000"
"amap_poi_061001","061001","Pedestrian Street","amap_poi_061000"
"amap_poi_061100","061100","Clothing Store","amap_poi_060000"
"amap_poi_061101","061101","Brand Clothing Store","amap_poi_061100"
"amap_poi_061102","061102","Brand Shoes Store","amap_poi_061100"
"amap_poi_061103","061103","Brand Leather Ware Store","amap_poi_061100"
"amap_poi_061104","061104","Brand Bags and Suitcases Store","amap_poi_061100"
"amap_poi_061200","061200","Franchise Store","amap_poi_060000"
"amap_poi_061201","061201","Antique Shop","amap_poi_061200"
"amap_poi_061202","061202","Jewelry Store","amap_poi_061200"
"amap_poi_061203","061203","Watches Shop","amap_poi_061200"
"amap_poi_061204","061204","Optical Shop","amap_poi_061200"
"amap_poi_061205","061205","Bookstore","amap_poi_061200"
"amap_poi_061206","061206","CD/DVD Shop","amap_poi_061200"
"amap_poi_061207","061207","Children's Store","amap_poi_061200"
"amap_poi_061208","061208","Bike Shop","amap_poi_061200"
"amap_poi_061209","061209","Gift Store","amap_poi_061200"
"amap_poi_061210","061210","Tobacco & Wine Franchise Store","amap_poi_061200"
"amap_poi_061211","061211","Pet's Store","amap_poi_061200"
"amap_poi_061212","061212","Camera Shop","amap_poi_061200"
"amap_poi_061213","061213","BMW Lifestyle","amap_poi_061200"
"amap_poi_061214","061214","Local Products Franchise Store","amap_poi_061200"
"amap_poi_061300","061300","Special Trade House","amap_poi_060000"
"amap_poi_061301","061301","Auction House","amap_poi_061300"
"amap_poi_061302","061302","Pawn House","amap_poi_061300"
"amap_poi_061400","061400","Personal Care Items Shop","amap_poi_060000"
"amap_poi_061401","061401","Sasa","amap_poi_061400"
"amap_poi_070000","070000","Daily Life Service Place",""
"amap_poi_070100","070100","Travel Agency","amap_poi_070000"
"amap_poi_070200","070200","Information Centre","amap_poi_070000"
"amap_poi_070201","070201","Service Centre","amap_poi_070200"
"amap_poi_070202","070202","Enquire of Hotel","amap_poi_070200"
"amap_poi_070203","070203","Enquire of Baggage","amap_poi_070200"
"amap_poi_070300","070300","Ticket Office","amap_poi_070000"
"amap_poi_070301","070301","Airline Tickets Office","amap_poi_070300"
"amap_poi_070302","070302","Train Ticket Office","amap_poi_070300"
"amap_poi_070303","070303","Coach Ticket Office","amap_poi_070300"
"amap_poi_070304","070304","Ferry Ticket Office","amap_poi_070300"
"amap_poi_070305","070305","Bus IC Card","amap_poi_070300"
"amap_poi_070306","070306","Park Box Office","amap_poi_070300"
"amap_poi_070400","070400","Post Office","amap_poi_070000"
"amap_poi_070401","070401","Express Post","amap_poi_070400"
"amap_poi_070500","070500","Logistics Service","amap_poi_070000"
"amap_poi_070501","070501","Logistics Warehouse Space","amap_poi_070500"
"amap_poi_070600","070600","Telecom Office","amap_poi_070000"
"amap_poi_070601","070601","China Telecom Office","amap_poi_070600"
"amap_poi_070603","070603","China Mobile Office","amap_poi_070600"
"amap_poi_070604","070604","China Unicom Office","amap_poi_070600"
"amap_poi_070605","070605","China Tietong Office","amap_poi_070600"
"amap_poi_070606","070606","China Satcom Office","amap_poi_070600"
"amap_poi_070607","070607","Hutchison Telecommunications","amap_poi_070600"
"amap_poi_070608","070608","SmarTone","amap_poi_070600"
"amap_poi_070609","070609","PCCW","amap_poi_070600"
"amap_poi_070610","070610","China Mobile Hong Kong","amap_poi_070600"
"amap_poi_070700","070700","Professional Service Firm","amap_poi_070000"
"amap_poi_070701","070701","Law Firm","amap_poi_070700"
"amap_poi_070702","070702","Accounting Firm","amap_poi_070700"
"amap_poi_070703","070703","Evaluation Firm","amap_poi_070700"
"amap_poi_070704","070704","Audit Firm","amap_poi_070700"
"amap_poi_070705","070705","Authentication Services","amap_poi_070700"
"amap_poi_070706","070706","Patent Office","amap_poi_070700"
"amap_poi_070800","070800","Job Center","amap_poi_070000"
"amap_poi_070900","070900","Water Supply Service Office","amap_poi_070000"
"amap_poi_071000","071000","Electric Supply Service Office","amap_poi_070000"
"amap_poi_071100","071100","Beauty and Hairdressing Store","amap_poi_070000"
"amap_poi_071200","071200","Repair Store","amap_poi_070000"
"amap_poi_071300","071300","Photo Finishing","amap_poi_070000"
"amap_poi_071400","071400","Bath & Massage Center","amap_poi_070000"
"amap_poi_071500","071500","Laundry","amap_poi_070000"
"amap_poi_071600","071600","Agency","amap_poi_070000"
"amap_poi_071700","071700","Move Service","amap_poi_070000"
"amap_poi_071800","071800","Lottery Store","amap_poi_070000"
"amap_poi_071801","071801","Horse-Betting Center","amap_poi_071800"
"amap_poi_071900","071900","Funeral Facilities","amap_poi_070000"
"amap_poi_071901","071901","Cemetery","amap_poi_071900"
"amap_poi_071902","071902","Cemetery","amap_poi_071900"
"amap_poi_071903","071903","Funeral House","amap_poi_071900"
"amap_poi_072000","072000","Baby Service Place","amap_poi_070000"
"amap_poi_072001","072001","Baby Natatorium","amap_poi_072000"
"amap_poi_080000","080000","Sports & Recreation Places",""
"amap_poi_080100","080100","Sports Places","amap_poi_080000"
"amap_poi_080101","080101","Sports Centre","amap_poi_080100"
"amap_poi_080102","080102","Bowling Hall","amap_poi_080100"
"amap_poi_080103","080103","Tennis Court","amap_poi_080100"
"amap_poi_080104","080104","Basketball Stadium","amap_poi_080100"
"amap_poi_080105","080105","Football Field","amap_poi_080100"
"amap_poi_080106","080106","Ski Field","amap_poi_080100"
"amap_poi_080107","080107","Skating Rink","amap_poi_080100"
"amap_poi_080108","080108","Outdoor Gym Facility","amap_poi_080100"
"amap_poi_080109","080109","Public Beach","amap_poi_080100"
"amap_poi_080110","080110","Natatorium","amap_poi_080100"
"amap_poi_080111","080111","Gym Center","amap_poi_080100"
"amap_poi_080112","080112","Table Tennis Hall","amap_poi_080100"
"amap_poi_080113","080113","Pool Room","amap_poi_080100"
"amap_poi_080114","080114","Squash Court","amap_poi_080100"
"amap_poi_080115","080115","Horse Riding Club","amap_poi_080100"
"amap_poi_080116","080116","Race Track","amap_poi_080100"
"amap_poi_080117","080117","Rugby Court","amap_poi_080100"
"amap_poi_080118","080118","Badminton Court","amap_poi_080100"
"amap_poi_080119","080119","Taekwondo Venue","amap_poi_080100"
"amap_poi_080200","080200","Golf Related","amap_poi_080000"
"amap_poi_080201","080201","Golf Course","amap_poi_080200"
"amap_poi_080202","080202","Golf Training Course","amap_poi_080200"
"amap_poi_080300","080300","Recreation Center","amap_poi_080000"
"amap_poi_080301","080301","Night Club","amap_poi_080300"
"amap_poi_080302","080302","KTV","amap_poi_080300"
"amap_poi_080303","080303","Disco","amap_poi_080300"
"amap_poi_080304","080304","Pub","amap_poi_080300"
"amap_poi_080305","080305","Game Center","amap_poi_080300"
"amap_poi_080306","080306","Card & Chess Room","amap_poi_080300"
"amap_poi_080307","080307","Lottery Center","amap_poi_080300"
"amap_poi_080308","080308","Internet Bar","amap_poi_080300"
"amap_poi_080400","080400","Holiday & Nursing Resort","amap_poi_080000"
"amap_poi_080401","080401","Resort","amap_poi_080400"
"amap_poi_080402","080402","Nursing Home","amap_poi_080400"
"amap_poi_080500","080500","Recreation Place","amap_poi_080000"
"amap_poi_080501","080501","Amusement Park","amap_poi_080500"
"amap_poi_080502","080502","Fishing Spot","amap_poi_080500"
"amap_poi_080503","080503","Plucking Park","amap_poi_080500"
"amap_poi_080504","080504","Camping Site","amap_poi_080500"
"amap_poi_080505","080505","Water Sports Centre","amap_poi_080500"
"amap_poi_080600","080600","Theatre & Cinema Related","amap_poi_080000"
"amap_poi_080601","080601","Cinema","amap_poi_080600"
"amap_poi_080602","080602","Concert Hall","amap_poi_080600"
"amap_poi_080603","080603","Theatre","amap_poi_080600"
"amap_poi_090000","090000","Medical and Health Care Service Place",""
"amap_poi_090100","090100","Hospital","amap_poi_090000"
"amap_poi_090101","090101","AAA Class Hospital","amap_poi_090100"
"amap_poi_090102","090102","Health Center","amap_poi_090100"
"amap_poi_090200","090200","Special Hospital","amap_poi_090000"
"amap_poi_090201","090201","Plastic Surgery","amap_poi_090200"
"amap_poi_090202","090202","Stomatological Hospital","amap_poi_090200"
"amap_poi_090203","090203","Ophthalmology Hospital","amap_poi_090200"
"amap_poi_090204","090204","ENT Hospital","amap_poi_090200"
"amap_poi_090205","090205","Chest Hospital","amap_poi_090200"
"amap_poi_090206","090206","Orthopedic Hospital","amap_poi_090200"
"amap_poi_090207","090207","Tumor Hospital","amap_poi_090200"
"amap_poi_090208","090208","Brain Hospital","amap_poi_090200"
"amap_poi_090209","090209","Maternity Hospital","amap_poi_090200"
"amap_poi_090210","090210","Psychiatric Hospital","amap_poi_090200"
"amap_poi_090211","090211","Infectious Disease Hospital","amap_poi_090200"
"amap_poi_090300","090300","Clinic","amap_poi_090000"
"amap_poi_090400","090400","Emergency Center","amap_poi_090000"
"amap_poi_090500","090500","Disease Prevention","amap_poi_090000"
"amap_poi_090600","090600","Medicine Health Care Related","amap_poi_090000"
"amap_poi_090601","090601","Pharmacy","amap_poi_090600"
"amap_poi_090602","090602","Medical Supplies","amap_poi_090600"
"amap_poi_090700","090700","Veterinary Hospital","amap_poi_090000"
"amap_poi_090701","090701","Pet Clinic","amap_poi_090700"
"amap_poi_090702","090702","Veterinary Station","amap_poi_090700"
"amap_poi_100000","100000","Accommodation Service Related",""
"amap_poi_100100","100100","Hotel","amap_poi_100000"
"amap_poi_100101","100101","Luxury Hotel","amap_poi_100100"
"amap_poi_100102","100102","Five-star Hotel","amap_poi_100100"
"amap_poi_100103","100103","Four-star Hotel","amap_poi_100100"
"amap_poi_100104","100104","Three-star Hotel","amap_poi_100100"
"amap_poi_100105","100105","Economical Chain Hotel","amap_poi_100100"
"amap_poi_100200","100200","Hostel","amap_poi_100000"
"amap_poi_100201","100201","Youth Hostel","amap_poi_100200"
"amap_poi_110000","110000","Tourist Attraction",""
"amap_poi_110100","110100","Park & Square","amap_poi_110000"
"amap_poi_110101","110101","Park","amap_poi_110100"
"amap_poi_110102","110102","Zoo","amap_poi_110100"
"amap_poi_110103","110103","Botanical Garden","amap_poi_110100"
"amap_poi_110104","110104","Aquarium","amap_poi_110100"
"amap_poi_110105","110105","City Plaza","amap_poi_110100"
"amap_poi_110106","110106","Facilities within the park","amap_poi_110100"
"amap_poi_110200","110200","Scenery Spot","amap_poi_110000"
"amap_poi_110201","110201","World Heritage","amap_poi_110200"
"amap_poi_110202","110202","National View Spot","amap_poi_110200"
"amap_poi_110203","110203","Provincial View Spot","amap_poi_110200"
"amap_poi_110204","110204","Memorial Hall","amap_poi_110200"
"amap_poi_110205","110205","Buddhist & Taoist Temple","amap_poi_110200"
"amap_poi_110206","110206","Church","amap_poi_110200"
"amap_poi_110207","110207","Mosque","amap_poi_110200"
"amap_poi_110208","110208","Beach","amap_poi_110200"
"amap_poi_110209","110209","View Point","amap_poi_110200"
"amap_poi_120000","120000","Commercial House Related",""
"amap_poi_120100","120100","Industrial Park","amap_poi_120000"
"amap_poi_120200","120200","Building Related","amap_poi_120000"
"amap_poi_120201","120201","Business Office Building","amap_poi_120200"
"amap_poi_120202","120202","Industrial Building","amap_poi_120200"
"amap_poi_120203","120203","Commercial-residential Building","amap_poi_120200"
"amap_poi_120300","120300","Residential Area","amap_poi_120000"
"amap_poi_120301","120301","Villa","amap_poi_120300"
"amap_poi_120302","120302","Residential Quarter","amap_poi_120300"
"amap_poi_120303","120303","Dormitory","amap_poi_120300"
"amap_poi_120304","120304","Community Center","amap_poi_120300"
"amap_poi_130000","130000","Governmental & Social Groups Related",""
"amap_poi_130100","130100","Governmental Organization Related","amap_poi_130000"
"amap_poi_130101","130101","State Level Organization & Institution","amap_poi_130100"
"amap_poi_130102","130102","Provincial Level Government and Institution","amap_poi_130100"
"amap_poi_130103","130103","Prefecture Level Government and Institution","amap_poi_130100"
"amap_poi_130104","130104","District & County Level Government and Institution","amap_poi_130100"
"amap_poi_130105","130105","Town Level Government and Institution","amap_poi_130100"
"amap_poi_130106","130106","Below Town level Government and Institution","amap_poi_130100"
"amap_poi_130107","130107","Non-local Government Representative Office","amap_poi_130100"
"amap_poi_130200","130200","Foreign Organization Related","amap_poi_130000"
"amap_poi_130201","130201","Foreign Embassy and Consulate","amap_poi_130200"
"amap_poi_130202","130202","Representative Office of International Organization","amap_poi_130200"
"amap_poi_130300","130300","Democratic Party","amap_poi_130000"
"amap_poi_130400","130400","Social Group Related","amap_poi_130000"
"amap_poi_130401","130401","Communist Youth League","amap_poi_130400"
"amap_poi_130402","130402","Young Pioneer","amap_poi_130400"
"amap_poi_130403","130403","Women's Federation","amap_poi_130400"
"amap_poi_130404","130404","Disabled Persons' Federation","amap_poi_130400"
"amap_poi_130405","130405","Red Cross","amap_poi_130400"
"amap_poi_130406","130406","Consumers' Association","amap_poi_130400"
"amap_poi_130407","130407","Industry Association","amap_poi_130400"
"amap_poi_130408","130408","Charity Organizations","amap_poi_130400"
"amap_poi_130409","130409","Church","amap_poi_130400"
"amap_poi_130500","130500","Public Security Organization","amap_poi_130000"
"amap_poi_130501","130501","Police Station","amap_poi_130500"
"amap_poi_130502","130502","Procuratorate","amap_poi_130500"
"amap_poi_130503","130503","Court","amap_poi_130500"
"amap_poi_130504","130504","Fire Fighting Organization","amap_poi_130500"
"amap_poi_130505","130505","Notarial Survey Organization","amap_poi_130500"
"amap_poi_130506","130506","Social Security Organization","amap_poi_130500"
"amap_poi_130600","130600","Traffic Vehicle Management Related","amap_poi_130000"
"amap_poi_130601","130601","Traffic Management Authority","amap_poi_130600"
"amap_poi_130602","130602","Vehicle Management Authority","amap_poi_130600"
"amap_poi_130603","130603","Vehicle Assessment Service","amap_poi_130600"
"amap_poi_130604","130604","Traffic Management Station","amap_poi_130600"
"amap_poi_130605","130605","Vehicle Pass Card Office","amap_poi_130600"
"amap_poi_130606","130606","Truck Related Checkpoints","amap_poi_130600"
"amap_poi_130700","130700","Industrial and Commercial Taxation Institution","amap_poi_130000"
"amap_poi_130701","130701","Administration for Industry & Commerce","amap_poi_130700"
"amap_poi_130702","130702","State Tax Authority","amap_poi_130700"
"amap_poi_130703","130703","Local Tax Authority","amap_poi_130700"
"amap_poi_140000","140000","Science & Education Cultural Place",""
"amap_poi_140100","140100","Museum","amap_poi_140000"
"amap_poi_140101","140101","Audi Museum","amap_poi_140100"
"amap_poi_140102","140102","Mercedes-Benz Museum","amap_poi_140100"
"amap_poi_140200","140200","Exhibition Hall","amap_poi_140000"
"amap_poi_140201","140201","Indoor Booth","amap_poi_140200"
"amap_poi_140300","140300","Convention & Exhibition Center","amap_poi_140000"
"amap_poi_140400","140400","Art Gallery","amap_poi_140000"
"amap_poi_140500","140500","Library","amap_poi_140000"
"amap_poi_140600","140600","Science & Technology Museum","amap_poi_140000"
"amap_poi_140700","140700","Planetarium","amap_poi_140000"
"amap_poi_140800","140800","Cultural Palace","amap_poi_140000"
"amap_poi_140900","140900","Archives Hall","amap_poi_140000"
"amap_poi_141000","141000","Arts Organization","amap_poi_140000"
"amap_poi_141100","141100","Media Organization","amap_poi_140000"
"amap_poi_141101","141101","TV Station","amap_poi_141100"
"amap_poi_141102","141102","Radio Station","amap_poi_141100"
"amap_poi_141103","141103","Newspaper Office","amap_poi_141100"
"amap_poi_141104","141104","Journal Publisher","amap_poi_141100"
"amap_poi_141105","141105","Publishing House","amap_poi_141100"
"amap_poi_141200","141200","School","amap_poi_140000"
"amap_poi_141201","141201","University & College","amap_poi_141200"
"amap_poi_141202","141202","Middle School","amap_poi_141200"
"amap_poi_141203","141203","Elementary School","amap_poi_141200"
"amap_poi_141204","141204","Kindergarten","amap_poi_141200"
"amap_poi_141205","141205","Adult Education","amap_poi_141200"
"amap_poi_141206","141206","Vocational Technical School","amap_poi_141200"
"amap_poi_141207","141207","Facilities within the School","amap_poi_141200"
"amap_poi_141300","141300","Research Institution","amap_poi_140000"
"amap_poi_141400","141400","Training Institution","amap_poi_140000"
"amap_poi_141500","141500","Driving School","amap_poi_140000"
"amap_poi_150000","150000","Transportation Service Related",""
"amap_poi_150100","150100","Airport Related","amap_poi_150000"
"amap_poi_150101","150101","Departure Lounge","amap_poi_150100"
"amap_poi_150102","150102","The Ferry Station","amap_poi_150100"
"amap_poi_150104","150104","Airport","amap_poi_150100"
"amap_poi_150105","150105","Airport Departure/Arrival","amap_poi_150100"
"amap_poi_150106","150106","Heliport","amap_poi_150100"
"amap_poi_150107","150107","Airport Freight Station","amap_poi_150100"
"amap_poi_150200","150200","Railway Station","amap_poi_150000"
"amap_poi_150201","150201","Waiting Room","amap_poi_150200"
"amap_poi_150202","150202","Ticket Entrance","amap_poi_150200"
"amap_poi_150203","150203","Exit","amap_poi_150200"
"amap_poi_150204","150204","Platform","amap_poi_150200"
"amap_poi_150205","150205","Sell Ticket","amap_poi_150200"
"amap_poi_150206","150206","Get a Refund for a Ticket","amap_poi_150200"
"amap_poi_150207","150207","Endorse the Ticket","amap_poi_150200"
"amap_poi_150208","150208","Public Security Accreditation","amap_poi_150200"
"amap_poi_150209","150209","Ticket Business Correlation","amap_poi_150200"
"amap_poi_150210","150210","Freight Railway Station","amap_poi_150200"
"amap_poi_150300","150300","Port & Marina","amap_poi_150000"
"amap_poi_150301","150301","Passenger Port","amap_poi_150300"
"amap_poi_150302","150302","Ferry Terminal for Vehicle","amap_poi_150300"
"amap_poi_150303","150303","Ferry Terminal","amap_poi_150300"
"amap_poi_150304","150304","Freight Ports","amap_poi_150300"
"amap_poi_150400","150400","Coach Station","amap_poi_150000"
"amap_poi_150500","150500","Subway Station","amap_poi_150000"
"amap_poi_150501","150501","Exit","amap_poi_150500"
"amap_poi_150600","150600","Light Rail Station","amap_poi_150000"
"amap_poi_150700","150700","Bus Station Related","amap_poi_150000"
"amap_poi_150701","150701","Tourist Routes Bus Station","amap_poi_150700"
"amap_poi_150702","150702","Common Bus Station","amap_poi_150700"
"amap_poi_150703","150703","Airport Bus","amap_poi_150700"
"amap_poi_150800","150800","Commuter Bus Station","amap_poi_150000"
"amap_poi_150900","150900","Parking Lot Related","amap_poi_150000"
"amap_poi_150903","150903","Park-and-Ride Place","amap_poi_150900"
"amap_poi_150904","150904","Public Parking Lot","amap_poi_150900"
"amap_poi_150905","150905","Reserved Parking Lot","amap_poi_150900"
"amap_poi_150906","150906","Roadside Parking Lot","amap_poi_150900"
"amap_poi_150907","150907","Parking Lot Entrance","amap_poi_150900"
"amap_poi_150908","150908","Parking Lot Exit","amap_poi_150900"
"amap_poi_150909","150909","Parking Lot Entrance & Exit","amap_poi_150900"
"amap_poi_151000","151000","Border Crossing","amap_poi_150000"
"amap_poi_151100","151100","Taxi","amap_poi_150000"
"amap_poi_151200","151200","Ferry Station","amap_poi_150000"
"amap_poi_151300","151300","Ropeway Station","amap_poi_150000"
"amap_poi_160000","160000","Finance & Insurance Institution",""
"amap_poi_160100","160100","Bank","amap_poi_160000"
"amap_poi_160101","160101","The People's Bank of China","amap_poi_160100"
"amap_poi_160102","160102","China Development Bank","amap_poi_160100"
"amap_poi_160103","160103","The Export-Import Bank of China","amap_poi_160100"
"amap_poi_160104","160104","Bank of China","amap_poi_160100"
"amap_poi_160105","160105","ICBC","amap_poi_160100"
"amap_poi_160106","160106","China Construction Bank","amap_poi_160100"
"amap_poi_160107","160107","Agricultural Bank of China","amap_poi_160100"
"amap_poi_160108","160108","Bank of Communications","amap_poi_160100"
"amap_poi_160109","160109","China Merchants Bank","amap_poi_160100"
"amap_poi_160110","160110","Huaxia Bank","amap_poi_160100"
"amap_poi_160111","160111","China CITIC Bank","amap_poi_160100"
"amap_poi_160112","160112","China Minsheng Bank","amap_poi_160100"
"amap_poi_160113","160113","China Everbright Bank","amap_poi_160100"
"amap_poi_160114","160114","Bank of Shanghai","amap_poi_160100"
"amap_poi_160115","160115","Shanghai Pudong Development Bank","amap_poi_160100"
"amap_poi_160117","160117","Ping An Bank","amap_poi_160100"
"amap_poi_160118","160118","Industrial Bank","amap_poi_160100"
"amap_poi_160119","160119","Bank of Beijing","amap_poi_160100"
"amap_poi_160120","160120","CGB","amap_poi_160100"
"amap_poi_160121","160121","Rural Commercial Bank","amap_poi_160100"
"amap_poi_160122","160122","Hong Kong Hang Seng Bank","amap_poi_160100"
"amap_poi_160123","160123","Bank of East Asia","amap_poi_160100"
"amap_poi_160124","160124","Citibank","amap_poi_160100"
"amap_poi_160125","160125","Standard Chartered Bank","amap_poi_160100"
"amap_poi_160126","160126","HSBC","amap_poi_160100"
"amap_poi_160127","160127","ABN AMRO Bank","amap_poi_160100"
"amap_poi_160128","160128","American Express Bank","amap_poi_160100"
"amap_poi_160129","160129","AIG Private Bank","amap_poi_160100"
"amap_poi_160130","160130","Bank of America","amap_poi_160100"
"amap_poi_160131","160131","Bank of Montreal","amap_poi_160100"
"amap_poi_160132","160132","Bank of New York","amap_poi_160100"
"amap_poi_160133","160133","The Royal Bank of Scotland","amap_poi_160100"
"amap_poi_160134","160134","Societe Generale Bank","amap_poi_160100"
"amap_poi_160135","160135","Deutsche Bank","amap_poi_160100"
"amap_poi_160136","160136","Bank of Tokyo-Mitsubishi UFJ","amap_poi_160100"
"amap_poi_160137","160137","Barclays Bank","amap_poi_160100"
"amap_poi_160138","160138","JPMorgan Chase Bank","amap_poi_160100"
"amap_poi_160139","160139","Postal Savings Bank of China","amap_poi_160100"
"amap_poi_160140","160140","DBS","amap_poi_160100"
"amap_poi_160141","160141","Nanyang Commercial Bank","amap_poi_160100"
"amap_poi_160142","160142","Shanghai Commercial Bank","amap_poi_160100"
"amap_poi_160143","160143","Wing Hang Bank","amap_poi_160100"
"amap_poi_160144","160144","Wing Lung Bank","amap_poi_160100"
"amap_poi_160145","160145","Chong Hing Bank","amap_poi_160100"
"amap_poi_160146","160146","Dah Sing Bank","amap_poi_160100"
"amap_poi_160147","160147","China CITIC Bank International","amap_poi_160100"
"amap_poi_160148","160148","Public Bank (Hong Kong)","amap_poi_160100"
"amap_poi_160149","160149","Beijing Rural Commercial Bank","amap_poi_160100"
"amap_poi_160150","160150","Shanghai Rural Commercial Bank","amap_poi_160100"
"amap_poi_160151","160151","Guangzhou Rural Commercial Bank","amap_poi_160100"
"amap_poi_160152","160152","Shenzhen Rural Commercial Bank","amap_poi_160100"
"amap_poi_160200","160200","Bank Related","amap_poi_160000"
"amap_poi_160300","160300","ATM","amap_poi_160000"
"amap_poi_160301","160301","Bank of China ATM","amap_poi_160300"
"amap_poi_160302","160302","ICBC ATM","amap_poi_160300"
"amap_poi_160303","160303","China Construction Bank ATM","amap_poi_160300"
"amap_poi_160304","160304","Agricultural Bank of China ATM","amap_poi_160300"
"amap_poi_160305","160305","Bank of Communications ATM","amap_poi_160300"
"amap_poi_160306","160306","China Merchants Bank ATM","amap_poi_160300"
"amap_poi_160307","160307","Huaxia Bank ATM","amap_poi_160300"
"amap_poi_160308","160308","China CITIC Bank ATM","amap_poi_160300"
"amap_poi_160309","160309","China Minsheng Bank ATM","amap_poi_160300"
"amap_poi_160310","160310","China Everbright Bank ATM","amap_poi_160300"
"amap_poi_160311","160311","Bank of Shanghai ATM","amap_poi_160300"
"amap_poi_160312","160312","Shanghai Pudong Development Bank ATM","amap_poi_160300"
"amap_poi_160314","160314","Ping An Bank ATM","amap_poi_160300"
"amap_poi_160315","160315","Industrial Bank ATM","amap_poi_160300"
"amap_poi_160316","160316","Bank of Beijing ATM","amap_poi_160300"
"amap_poi_160317","160317","CGB ATM","amap_poi_160300"
"amap_poi_160318","160318","Rural Commercial Bank ATM","amap_poi_160300"
"amap_poi_160319","160319","Hong Kong Hang Seng Bank ATM","amap_poi_160300"
"amap_poi_160320","160320","Bank of East Asia ATM","amap_poi_160300"
"amap_poi_160321","160321","Citibank ATM","amap_poi_160300"
"amap_poi_160322","160322","Standard Chartered Bank ATM","amap_poi_160300"
"amap_poi_160323","160323","HSBC ATM","amap_poi_160300"
"amap_poi_160324","160324","ABN AMRO Bank ATM","amap_poi_160300"
"amap_poi_160325","160325","American Express Bank ATM","amap_poi_160300"
"amap_poi_160326","160326","AIG Private Bank ATM","amap_poi_160300"
"amap_poi_160327","160327","Bank of America ATM","amap_poi_160300"
"amap_poi_160328","160328","Bank of Montreal ATM","amap_poi_160300"
"amap_poi_160329","160329","Bank of New York ATM","amap_poi_160300"
"amap_poi_160330","160330","The Royal Bank of Scotland ATM","amap_poi_160300"
"amap_poi_160331","160331","Societe Generale Bank ATM","amap_poi_160300"
"amap_poi_160332","160332","Deutsche Bank ATM","amap_poi_160300"
"amap_poi_160333","160333","Bank of Tokyo-Mitsubishi UFJ ATM","amap_poi_160300"
"amap_poi_160334","160334","Barclays Bank ATM","amap_poi_160300"
"amap_poi_160335","160335","JPMorgan Chase Bank ATM","amap_poi_160300"
"amap_poi_160336","160336","Postal Savings Bank of China ATM","amap_poi_160300"
"amap_poi_160337","160337","DBS ATM","amap_poi_160300"
"amap_poi_160338","160338","Nanyang Commercial Bank ATM","amap_poi_160300"
"amap_poi_160339","160339","Shanghai Commercial Bank ATM","amap_poi_160300"
"amap_poi_160340","160340","Wing Hang Bank ATM","amap_poi_160300"
"amap_poi_160341","160341","Wing Lung Bank ATM","amap_poi_160300"
"amap_poi_160342","160342","Chong Hing Bank ATM","amap_poi_160300"
"amap_poi_160343","160343","Dah Sing Bank ATM","amap_poi_160300"
"amap_poi_160344","160344","China CITIC Bank International ATM","amap_poi_160300"
"amap_poi_160345","160345","Public Bank (Hong Kong) ATM","amap_poi_160300"
"amap_poi_160346","160346","Beijing Rural Commercial Bank ATM","amap_poi_160300"
"amap_poi_160347","160347","Shanghai Rural Commercial Bank ATM","amap_poi_160300"
"amap_poi_160348","160348","Guangzhou Rural Commercial Bank ATM","amap_poi_160300"
"amap_poi_160349","160349","Shenzhen Rural Commercial Bank ATM","amap_poi_160300"
"amap_poi_160400","160400","Insurance Company","amap_poi_160000"
"amap_poi_160401","160401","The People's Insurance Company of China","amap_poi_160400"
"amap_poi_160402","160402","China Life Insurance Company","amap_poi_160400"
"amap_poi_160403","160403","Ping An Insurance Company of China","amap_poi_160400"
"amap_poi_160404","160404","China Reinsurance Company","amap_poi_160400"
"amap_poi_160405","160405","China Pacific Insurance Company","amap_poi_160400"
"amap_poi_160406","160406","New China Life Insurance Company","amap_poi_160400"
"amap_poi_160407","160407","Huatai Property Insurance Company Ltd.","amap_poi_160400"
"amap_poi_160408","160408","Taikang Life Insurance Company","amap_poi_160400"
"amap_poi_160500","160500","Securities Company","amap_poi_160000"
"amap_poi_160501","160501","Office of Securities Business","amap_poi_160500"
"amap_poi_160600","160600","Finance Company","amap_poi_160000"
"amap_poi_170000","170000","Enterprises",""
"amap_poi_170100","170100","Famous Enterprise","amap_poi_170000"
"amap_poi_170200","170200","Company","amap_poi_170000"
"amap_poi_170201","170201","Advertisement and Decoration","amap_poi_170200"
"amap_poi_170202","170202","Construction Company","amap_poi_170200"
"amap_poi_170203","170203","Medical Company","amap_poi_170200"
"amap_poi_170204","170204","Machinery and Electronics","amap_poi_170200"
"amap_poi_170205","170205","Chemical and Metallurgy","amap_poi_170200"
"amap_poi_170206","170206","Network Science and Technology","amap_poi_170200"
"amap_poi_170207","170207","Commercial Trade","amap_poi_170200"
"amap_poi_170208","170208","Telecommunication Company","amap_poi_170200"
"amap_poi_170209","170209","Mining Company","amap_poi_170200"
"amap_poi_170300","170300","Factory","amap_poi_170000"
"amap_poi_170400","170400","Other FarmingForestryAnimal Husbandry and Fishery Base","amap_poi_170000"
"amap_poi_170401","170401","Fishing Farm","amap_poi_170400"
"amap_poi_170402","170402","Farm","amap_poi_170400"
"amap_poi_170403","170403","Forest Farm","amap_poi_170400"
"amap_poi_170404","170404","Pasture","amap_poi_170400"
"amap_poi_170405","170405","Poultry Breeding Base","amap_poi_170400"
"amap_poi_170406","170406","Vegetable Planting Base","amap_poi_170400"
"amap_poi_170407","170407","Fruit Cultivation Base","amap_poi_170400"
"amap_poi_170408","170408","Flower Nurserey Base","amap_poi_170400"
"amap_poi_180000","180000","Road Furniture",""
"amap_poi_180100","180100","Warning Sign","amap_poi_180000"
"amap_poi_180101","180101","Camera","amap_poi_180100"
"amap_poi_180102","180102","Speed Sensor","amap_poi_180100"
"amap_poi_180103","180103","Railway Crossing","amap_poi_180100"
"amap_poi_180104","180104","Illegal Parking","amap_poi_180100"
"amap_poi_180200","180200","Toll Gate","amap_poi_180000"
"amap_poi_180201","180201","Expressway Toll Gate","amap_poi_180200"
"amap_poi_180202","180202","National and Provincial Road Toll Gate","amap_poi_180200"
"amap_poi_180203","180203","Tunnel & Bridge Toll Gate","amap_poi_180200"
"amap_poi_180300","180300","Expressway Service Area","amap_poi_180000"
"amap_poi_180301","180301","Expressway Filling Station Service Area","amap_poi_180300"
"amap_poi_180302","180302","Expressway Parking Area","amap_poi_180300"
"amap_poi_180400","180400","Traffic Light","amap_poi_180000"
"amap_poi_180500","180500","Signpost","amap_poi_180000"
"amap_poi_190000","190000","Place Name & Address",""
"amap_poi_190100","190100","Normal Place Name","amap_poi_190000"
"amap_poi_190101","190101","Country Name","amap_poi_190100"
"amap_poi_190102","190102","Provincial Place Name","amap_poi_190100"
"amap_poi_190103","190103","Municipal Place Name","amap_poi_190100"
"amap_poi_190104","190104","Prefecture-level Place Name","amap_poi_190100"
"amap_poi_190105","190105","District/County-level Place Name","amap_poi_190100"
"amap_poi_190106","190106","Township-level Place Name","amap_poi_190100"
"amap_poi_190107","190107","Subdistrict-level Place Name","amap_poi_190100"
"amap_poi_190108","190108","Village-level Place Name","amap_poi_190100"
"amap_poi_190109","190109","Village Team-level Place Name","amap_poi_190100"
"amap_poi_190200","190200","Natural Place Name","amap_poi_190000"
"amap_poi_190201","190201","Gulf and Strait","amap_poi_190200"
"amap_poi_190202","190202","Island","amap_poi_190200"
"amap_poi_190203","190203","Mountain","amap_poi_190200"
"amap_poi_190204","190204","River","amap_poi_190200"
"amap_poi_190205","190205","Lake","amap_poi_190200"
"amap_poi_190300","190300","Transportation Place Name","amap_poi_190000"
"amap_poi_190301","190301","Road Name","amap_poi_190300"
"amap_poi_190302","190302","Name of Intersection","amap_poi_190300"
"amap_poi_190303","190303","Name of Roundabout","amap_poi_190300"
"amap_poi_190304","190304","Expressway Exit","amap_poi_190300"
"amap_poi_190305","190305","Expressway Entrance","amap_poi_190300"
"amap_poi_190306","190306","Motorway Interchange","amap_poi_190300"
"amap_poi_190307","190307","Bridge","amap_poi_190300"
"amap_poi_190308","190308","Urban Expressway Exit","amap_poi_190300"
"amap_poi_190309","190309","Urban Expressway Entrance","amap_poi_190300"
"amap_poi_190310","190310","Tunnel","amap_poi_190300"
"amap_poi_190311","190311","Railway","amap_poi_190300"
"amap_poi_190400","190400","Address Sign","amap_poi_190000"
"amap_poi_190401","190401","Placename Sign","amap_poi_190400"
"amap_poi_190402","190402","Road Name Sign","amap_poi_190400"
"amap_poi_190403","190403","Building Number","amap_poi_190400"
"amap_poi_190500","190500","City Center","amap_poi_190000"
"amap_poi_190600","190600","Landmark Buildings","amap_poi_190000"
"amap_poi_190700","190700","The hot names","amap_poi_190000"
"amap_poi_200000","200000","Public Facility",""
"amap_poi_200100","200100","Newsstand","amap_poi_200000"
"amap_poi_200200","200200","Public Phone","amap_poi_200000"
"amap_poi_200300","200300","Public Toilet","amap_poi_200000"
"amap_poi_200301","200301","Male Toilet","amap_poi_200300"
"amap_poi_200302","200302","Female Toilet","amap_poi_200300"
"amap_poi_200303","200303","Wheelchair Accessible","amap_poi_200300"
"amap_poi_200304","200304","Room of Mother and Infant","amap_poi_200300"
"amap_poi_200400","200400","Emergency Shelter","amap_poi_200000"
"amap_poi_220000","220000","Incidents and Events",""
"amap_poi_220100","220100","Public Event","amap_poi_220000"
"amap_poi_220101","220101","Festival Celebration","amap_poi_220100"
"amap_poi_220102","220102","Convention & Exposition","amap_poi_220100"
"amap_poi_220103","220103","Sports Event","amap_poi_220100"
"amap_poi_220104","220104","Art Performance","amap_poi_220100"
"amap_poi_220105","220105","Conference","amap_poi_220100"
"amap_poi_220106","220106","Operating Activities","amap_poi_220100"
"amap_poi_220107","220107","Marketplace Activities","amap_poi_220100"
"amap_poi_220200","220200","Emergency","amap_poi_220000"
"amap_poi_220201","220201","Natural Disaster","amap_poi_220200"
"amap_poi_220202","220202","Accident","amap_poi_220200"
"amap_poi_220203","220203","City News","amap_poi_220200"
"amap_poi_220204","220204","PublicHealthEvent","amap_poi_220200"
"amap_poi_220205","220205","Public Social Event","amap_poi_220200"
"amap_poi_970000","970000","Indoor facilities",""
"amap_poi_990000","990000","Pass Facilities",""
"amap_poi_991000","991000","Gate of Buildings","amap_poi_990000"
"amap_poi_991001","991001","Main Gate of Buildings","amap_poi_991000"
"amap_poi_991400","991400","Gate of Street House","amap_poi_990000"
"amap_poi_991401","991401","Main Entrance of Street House Gate","amap_poi_991400"
"amap_poi_991500","991500","Virtual Gate","amap_poi_990000"